TNDM/2025-26/10701/01/1970,https://drive.google.com/open?id=1CbC9hnSftvnWkmaiY5JuVTz_Mx0Pd1-0
TNDM/2025-26/12005/07/2009,https://drive.google.com/open?id=1Tyc9JbPyGva0KUgyz4H0abcP_0MxpZtd
TNDM/2025-26/11909/10/2010,https://drive.google.com/open?id=1pS03kpahabfPJ_PxBvURNKlUDPSzIlPe
TNDM/2025-26/11411/12/2008,https://drive.google.com/open?id=1VAgcpTopXScT0saT6N6_luklTnaUmXXw
TNDM/2025-26/11301/01/1970,https://drive.google.com/open?id=1p23DIU_Me0J_LnkYyIuGFU41_k-mFGDm
TNDM/2025-26/11202/07/2009,https://drive.google.com/open?id=1BY1Bp1Yq2mHUgDJGFPjPKWExbxgPc38c
TNDM/2025-26/11101/01/1970,https://drive.google.com/open?id=1hoUJTr-CBxcvsfRyx_eCVVt8J-sEVOhD
TNDM/2025-26/10808/04/2010,https://drive.google.com/open?id=1rcgWQB8ZqWu0XIJl5b74QKAA2Z1CRhuq
TNDM/2025-26/10909/12/2008,https://drive.google.com/open?id=1tPDDRmM_KM3zdFxZHRRAceo2UPgFXMdI
TNDM/2025-26/11001/01/1970,https://drive.google.com/open?id=1S8a2Z_VVxAitK5tJ3UkSC1yKApCVO7Xu
TNDM/2025-26/12601/01/1970,https://drive.google.com/open?id=10wC2P_fj59m4iKbtFsWKb_zAVV_PumOT
TNDM/2025-26/12801/01/1970,https://drive.google.com/open?id=1M2KM6MNu7KsY3dv48ti1jHrLGtJTqh2D
TNDM/2025-26/12305/10/2010,https://drive.google.com/open?id=1SwICPwX5BIXNTeD8OOaeR_SpOjZt9X0O
TNDM/2025-26/12411/01/2007,https://drive.google.com/open?id=1HIHQiZgbZckyvB3inGE1Ay6b82KNaM_L
TNDM/2025-26/12106/10/2008,https://drive.google.com/open?id=1p67s-imy5Jz_gV4v8kKrkTgpUCA1wkiy
TNDM/2025-26/11707/01/2009,https://drive.google.com/open?id=1_xjZ-k9brpZ-S54ztf9jDdJC5NqgnMjZ
TNDM/2025-26/11801/01/1970,https://drive.google.com/open?id=18PlJMf1K_m0P5tojb61z_ILHC2BB3bOb
TNDM/2025-26/11601/01/1970,https://drive.google.com/open?id=1Z3r1PqQeThJnEclCoVkEejy8bIIFwl8x
TNDM/2025-26/11505/03/2008,https://drive.google.com/open?id=1DEqwiHoM1gHpmgHwJCg_5XfXV2Le1qAI
TNDM/2025-26/12701/01/1970,https://drive.google.com/open?id=1vRCTGmnatYhRLqFF555bG-BUTPNKkapk
TNDM/2025-26/12201/01/1970,https://drive.google.com/open?id=1XmyNhO79fiZRDFwxbk-FGlHRTFKfQe1h
TNDM/2025-26/13101/01/1970,https://drive.google.com/open?id=1Zfr7qtnxG_ag0Etg_Uy88qNXzjZHuINQ
TNDM/2025-26/13002/02/2009,https://drive.google.com/open?id=1l1B0DZMLWPzTPctM149VEea93lxQt11Y
TNDM/2025-26/12505/06/2009,https://drive.google.com/open?id=1HC5qBRlQbYstDkbfzOdjeZJM1EGFEp8q
TNDM/2025-26/12902/12/2010,https://drive.google.com/open?id=1GE0jKagronZx5ok55E0jk7zt8RuG7Z7D
TNDM/2025-26/132,https://drive.google.com/open?id=1QjwwOyMQ_Mq3XJAv7iLCi0xFYjIfVlxc
TNDM/2025-26/133,https://drive.google.com/open?id=1Wx4JksgAH57j6Jw2t0nzdp0KB2wGLEyB
TNDM/2025-26/134,https://drive.google.com/open?id=1wzA61t9USeiet640C-Dy5ZvaRujdrFZs
TNDM/2025-26/135,https://drive.google.com/open?id=1T0TToPjczMoDOZYcwF3J4AsNDYq8ph_Q
TNDM/2025-26/136,https://drive.google.com/open?id=13ZdmsAeWHUEtgG4qvpCTay9RFhTav40J
TNDM/2025-26/137,https://drive.google.com/open?id=1sC2sTEFvclj2B1X9Rj8v8j4t7R8jLzNj
TNDM/2025-26/138,https://drive.google.com/open?id=1ohzCLMztdcl5RDQkBfOHp0myKtSi6JQb
TNDM/2025-26/139,https://drive.google.com/open?id=18Xg5OOOe9nT-dtvwA5hRZqsiRJdkJanR
TNDM/2025-26/140,https://drive.google.com/open?id=1IHzKXM0mlvNBA8rxx1dWQmG10-AUPS7D
TNDM/2025-26/141,https://drive.google.com/open?id=17IvFPYPocwjCTt7YZKYmnG5ZaDWoIc87
TNDM/2025-26/142,https://drive.google.com/open?id=1e2mcUDcFeMHfbTYm437iQBFHOmVWmpfZ
TNDM/2025-26/143,https://drive.google.com/open?id=18BnApQytDzIOQWa5mxxu7A-WdP895pB6
TNDM/2025-26/144,https://drive.google.com/open?id=19WeZIy2DDyW3hr1pa_XhadYxbF8l9tcy
TNDM/2025-26/145,https://drive.google.com/open?id=1m7DeU0nN2Su3XeW2wryM61EmRSbr3P42
TNDM/2025-26/146,https://drive.google.com/open?id=1pXkqHV5QOi7m9Ciob0Nr34-WdRTXnH6D
TNDM/2025-26/147,https://drive.google.com/open?id=1b1JQS_dV2_l0jVmwCgubVfdRfmhUHX12
TNDM/2025-26/148,https://drive.google.com/open?id=10C-brVv9YAveMJUWGL6YCYMCNnV0we7Y
TNDM/2025-26/149,https://drive.google.com/open?id=11k-0qDro7HCetelPbEE8ymbSi3-RgtBR
TNDM/2025-26/150,https://drive.google.com/open?id=1LLr50XpDpUxxb5SqwTsouDhAAe8uOZWY
TNDM/2025-26/151,https://drive.google.com/open?id=1eP0LM2Lx_aO_I8eE3ezs7SbNYSLoGdP8
TNDM/2025-26/152,https://drive.google.com/open?id=13-1nBCus_0nEc6OUftbPk5AC_bobLeTb
TNDM/2025-26/153,https://drive.google.com/open?id=1zq75-ZH_xLdOEbDxGVKoLbNfe2r8-2qP
TNDM/2025-26/154,https://drive.google.com/open?id=1gMmSzHoPAchh6Wj8UqKlafPCQu0cIZN5
TNDM/2025-26/155,https://drive.google.com/open?id=1NdJoUfiNNmAvh-SQivPFzwDbYB79T75h
TNDM/2025-26/156,https://drive.google.com/open?id=1xawHlTcIKVhPJwFQqT3AG3hvfHLVxGh1
TNDM/2025-26/157,https://drive.google.com/open?id=1ffH5YGB3pPyp-3RnYmK_Fd3vS_wEACpF
TNDM/2025-26/158,https://drive.google.com/open?id=167Bo6NCVa07psIz-O0W7WlbGEEvM5aNY
TNDM/2025-26/159,https://drive.google.com/open?id=1Ne29dOlBNs5o4GuOpw8rNGunnpk6U-py
TNDM/2025-26/160,https://drive.google.com/open?id=1pvcU4Ps3Mljw_irKn8V09FI90qcVtiC8
TNDM/2025-26/161,https://drive.google.com/open?id=1aDu8Q5AvIhfU_9HtAu4ViZralwEZKa33
TNDM/2025-26/162,https://drive.google.com/open?id=1SGeJvlHBcxFcnOxqeSKIucBXeCuMmH4m
TNDM/2025-26/163,https://drive.google.com/open?id=1Zkqc41R3ulIosCITAV2rKgm9fGt2-WKJ
TNDM/2025-26/164,https://drive.google.com/open?id=1vX8-EhQ7BQ_TCJdbe2vJ7fs1YOxt35YO
TNDM/2025-26/165,https://drive.google.com/open?id=1D4pQDyhcy5872zKnoTaA_8kANspY5SEo
TNDM/2025-26/166,https://drive.google.com/open?id=15R_sfTNJPIkOe6-T25VnvQXl7l0d8sjz
TNDM/2025-26/167,https://drive.google.com/open?id=1fnfF8MCKj3Nb5os6XUpXXqyGEBgSwvzA
TNDM/2025-26/168,https://drive.google.com/open?id=1FunhiA2cCPEpQXC5b6D2hDrmlez_TYVF
TNDM/2025-26/169,https://drive.google.com/open?id=1aO0wSTO5nd-Nq0FuAoQOxGkYs2qwHTnX
TNDM/2025-26/170,https://drive.google.com/open?id=1kKo0FREUwL9ZVkZyPdCJuaRJGe5JUPMm
TNDM/2025-26/171,https://drive.google.com/open?id=1XfkRcu42nfBt-WjKglz9xJb2flQc2qiC
TNDM/2025-26/172,https://drive.google.com/open?id=15m0FrnxJkkJl7xfOVL9W8JqszxoTVmP_
TNDM/2025-26/173,https://drive.google.com/open?id=1CzPIYIMapV5zOeushBjLyYyvV0hDDSYI
TNDM/2025-26/174,https://drive.google.com/open?id=1erN-T15em3r8GZwn69TIhQK6foOgv6_e
TNDM/2025-26/175,https://drive.google.com/open?id=1-acsOVSUrelvMG9pPDFIlxiDT9fwsf8f
TNDM/2025-26/176,https://drive.google.com/open?id=17zTDxYh2lXBx830DAlDtNbrJ3Cc8N1cv
TNDM/2025-26/177,https://drive.google.com/open?id=1B2LaPRwEzgf9aihVfx0TD-MJeEOG49_y
TNDM/2025-26/178,https://drive.google.com/open?id=1A9f06jw85iDRc0Q0TgugAsZkAonmhGKq
TNDM/2025-26/179,https://drive.google.com/open?id=1IsYHN8ameIB4Fmf6IT_6-5UgOx03B-F1
TNDM/2025-26/180,https://drive.google.com/open?id=14RyMVa9api-g8ntcvsuV7djmmUBLvbDz
TNDM/2025-26/181,https://drive.google.com/open?id=1ojh4irhbI8XE2sWfZM4RP3oTHQ0ItCcg
TNDM/2025-26/182,https://drive.google.com/open?id=1qz_ZNk0syz4ovDAvER9n83ny50Cu1H-2
TNDM/2025-26/183,https://drive.google.com/open?id=197nWCl3P4wqlZs5cAFe6Ty8rlbY_b0uz
TNDM/2025-26/184,https://drive.google.com/open?id=1gYUGBNYvTCC2sOcscVthGzk7BpgEaMUk
TNDM/2025-26/185,https://drive.google.com/open?id=1BFtjteD2uJYgMAsci_hCJCEis7kVFXed
TNDM/2025-26/186,https://drive.google.com/open?id=1bfQema7Zvin_2rp6btgk1f08FunSPySb
TNDM/2025-26/187,https://drive.google.com/open?id=1jLj9ddtY1nqHN_bWMXimd3JRNexwjtUE
TNDM/2025-26/188,https://drive.google.com/open?id=1hQzv66IexiP5KK9g9SAdzieGuUb5J7e9
TNDM/2025-26/189,https://drive.google.com/open?id=1W1DTVJ_Lo0eHUpCYEQz17hiA6_9O4THd
TNDM/2025-26/190,https://drive.google.com/open?id=1KtVIbaF6aKWYWcS41Mpa1hgdMniPlLEN
TNDM/2025-26/191,https://drive.google.com/open?id=1LTjWpmhShYaCAZzmMdvP5wq2yhj0hHlU
TNDM/2025-26/192,https://drive.google.com/open?id=1F7CYRNUJ5Cm8M0A4qstReWxsi-qvMJU5
TNDM/2025-26/193,https://drive.google.com/open?id=1nErJtw6wosVb2a74LFNszZSPEaRqJU8L
TNDM/2025-26/194,https://drive.google.com/open?id=1RkMVgppM4EN-CSncdnmSkEb9edvGq3Xi
TNDM/2025-26/195,https://drive.google.com/open?id=1nWyrNIU7TjkOm6yEvKlA6IabDKivzrMg
TNDM/2025-26/196,https://drive.google.com/open?id=1pq32GzSmJO9_OEKdnoSkaYX4iSMsjwHy
TNDM/2025-26/197,https://drive.google.com/open?id=1iHfwVOzch15zyPUz70kf1Jjr-QV3PRZG
TNDM/2025-26/198,https://drive.google.com/open?id=1c6g6Od6ar4IHGXJM30LgfzzyWJUiffAC
TNDM/2025-26/199,https://drive.google.com/open?id=1_DsnRYctxkTIervTGxOCQJWeZice2lCb
TNDM/2025-26/200,https://drive.google.com/open?id=19hJsTPYOoIw0N5FDB5LjC1kjSDvuJJON
TNDM/2025-26/201,https://drive.google.com/open?id=1aBIQXEP69rfEYFKy9ynHWIcDLVspIqIs
TNDM/2025-26/202,https://drive.google.com/open?id=1caw_bj75anfWlQpD30E53UFY3VT_Q0dK
TNDM/2025-26/203,https://drive.google.com/open?id=1_4n8jIhZCbvBKDnGWMaPn1KOCBuMFfWZ
TNDM/2025-26/204,https://drive.google.com/open?id=1fjh1GgSJND2aBI1FR3KSmOVjwXQwC3yI
TNDM/2025-26/205,https://drive.google.com/open?id=1-PdMvcxvFx2CAmMfukyC7A544zpFnmv2
TNDM/2025-26/206,https://drive.google.com/open?id=1bk3I6WhG3Z2atSvhshmT-QJjK-U7ojzk
TNDM/2025-26/207,https://drive.google.com/open?id=1gGB7TSaoli_1XQ6iDxq8xBX_KB9zEJPd
TNDM/2025-26/208,https://drive.google.com/open?id=1X43KWuzFLYANZmVXc-8TFheo9nTy9vtg
TNDM/2025-26/209,https://drive.google.com/open?id=1YtzSj5uXUhdaP4v33r6P9gMm-DRqfWg6
TNDM/2025-26/210,https://drive.google.com/open?id=1Ydfgx36JOLSN3uXgO0Ht4xvyUOdKCYrw
TNDM/2025-26/211,https://drive.google.com/open?id=1afNijPgJvQv1ny2DRQ1D_l9jxV_CnFot
