II-5-English,https://drive.google.com/open?id=1xQwN2_i9zu_aDk8QZivUj86bah_vc3ub
II-9-English-B,https://drive.google.com/open?id=10xnqSQnpByJsaK2fkAZPXlNws5sMpHOz
II-7-English-B,https://drive.google.com/open?id=19ormJMOwZ-LCaiObB2GMyLInjnDPSKN4
II-8-English-B,https://drive.google.com/open?id=1sRtFkjSxa76wkTCtFiXqUt-jnpwwvMkT
II-6-English-B,https://drive.google.com/open?id=1aR-6BhwxcN8zFgffIrLAKQErtMdJCSt_
II-2-English-B,https://drive.google.com/open?id=1EJLimNXR8BGugga82swryVAQBJBheDGv
IX-24-Assamese,https://drive.google.com/open?id=1VJBdlrTNnQWdXEvX-MdxTLqFVdpeeaAT
IX-4-Assamese,https://drive.google.com/open?id=1TcAGtU1DPlVy0VNhBdyavIo46hLGpBy_
IX-42-Assamese,https://drive.google.com/open?id=1ThVrfrXd2HUr9p2w5AWlFpJn5Be9jGNO
IX-34-Assamese,https://drive.google.com/open?id=1NE_FeSBGfxidoQAl3emkPgEBzRvjRZtg
IX-19-Assamese,https://drive.google.com/open?id=1ju0M8fD64bZt9aKCRwVT8oSlw_sjSnGG
IX-1-Assamese,https://drive.google.com/open?id=1E4vRy3loN-V7hihPDuC5OYYRXha8Vtfu
IX-33-Assamese,https://drive.google.com/open?id=1y3pUXJ8rWYMqNrn7p-vwlaJD5JV1wjiY
IX-25-Assamese,https://drive.google.com/open?id=1xJC3sDWUVHImAoWyTwGDNd9w-34bW5vu
IX-32-Assamese,https://drive.google.com/open?id=1Ou-tmcDbJONmY66ZTXS-3gnBTW2ZCoEP
IX-22-Assamese,https://drive.google.com/open?id=1nZn1-yuxEisOYti0jq6ET1LhAazvtC4v
IX-07-Assamese,https://drive.google.com/open?id=1Nyu_P2_1NP-2x6UOW0BhpmV4Lbjnv_lH
IX-31-Assamese,https://drive.google.com/open?id=1eS5t6pZC2mG9RVeeGJIxHONdiUzb47IK
IX-27-Assamese,https://drive.google.com/open?id=1HuR1wIRESPiAOzDtZp5DYhvP97nrY8ch
IX-10-Assamese,https://drive.google.com/open?id=1ThpbuLvfGlWwxIq3yyYFNd2pFxkcYvTt
IX-11-Assamese,https://drive.google.com/open?id=1EqEmJZ-Dew7rsUiuuQUZHlbdXrA9eWsx
IX-54-Assamese,https://drive.google.com/open?id=1ojRQDFK61fMdwDEo-D9bRGJIJ407qWNw
IX-20-Assamese,https://drive.google.com/open?id=1nijPX1KXagikGLsNapBFO4-DD4I7fAd3
IX-13-Assamese,https://drive.google.com/open?id=13aJeK_TRS34_WwYlzaBem6ciwm0hwIEK
IX-28-Assamese,https://drive.google.com/open?id=1PpRA6gjaIE7WBBwEDAx9O9jGjNFdA_JM
IX-17-Assamese,https://drive.google.com/open?id=1AZ-Mnc-txF5wJU3Da4Mj2mhChmx5Toi9
IX-37-Assamese,https://drive.google.com/open?id=1aKWhPR-YB_k97Aczu0-RC5VamqYXx8MR
IX-15-Assamese,https://drive.google.com/open?id=1PpUln0feGvD0y1Ma8bcDVkVMroFLBl0c
IX-58-Assamese,https://drive.google.com/open?id=1jasD69Dwxe-LrpUS48NpkuNxHNLERHPT
IX-09-English,https://drive.google.com/open?id=1lS2IKXzGDtCxiWAgMqzwtJdgDNe35LRB
IX-06-English,https://drive.google.com/open?id=1mwt8O7eZqWa6NWX477IWiICd72nYmXIe
IX-03-English,https://drive.google.com/open?id=1JBYJfvfqIL6jYingHG6NMZGYu-1cjFc7
IX-02-English,https://drive.google.com/open?id=1scfct5mWJnCjgfxOVKvsI0hkHW6SJcBr
VI-5-Assamese-A,https://drive.google.com/open?id=1FNDlaS1rmyeBAsq8NGwWaxp7F_oCboqa
VI-1-Assamese,https://drive.google.com/open?id=1zxsYAyj7WOBUoTTZuekGL7xne-yCVksz
VI-7-Assamese,https://drive.google.com/open?id=1eb-nfQptcXsLlQN1NXnb3RU9U6KBM-PG
VI-4-Assamese,https://drive.google.com/open?id=1qI55QR4kd16UJS-YaxdEuwtg7A-VgB0w
VI-3-Assamese,https://drive.google.com/open?id=1Fg2SwgCiAil_uapY2rcfVauFSLbEx0h0
VI-6-Assamese-A,https://drive.google.com/open?id=13KIsjVyMehim09IDk8vmAVHlmhOoPiSt
VI-2-Assamese,https://drive.google.com/open?id=1Tbx8UgXp4RZDGbYfZXJp0vDMUpdOJ9Ir
VI-6-English-B,https://drive.google.com/open?id=1XKSyFWL8MxEONx5qUDLdCRBrOyzBw89Y
VI-2-English,https://drive.google.com/open?id=1sNSbXrisWBpwVSzdeu5hKIg7KzbW1ivD
VI-4-English-B,https://drive.google.com/open?id=1L24sFihuoVCFc9wJSBrTW6jsH27M8f2_
VI-01-English-B,https://drive.google.com/open?id=1KT2xha3lhDf2Xh6B-HTFtdq-SwzkP50C
VI-7-English-A,https://drive.google.com/open?id=1KLD9yrbeq-tZkbBBnD0T7WQ3Fkl6WTVv
VI-13-English-B,https://drive.google.com/open?id=1I__rhTXLJ_snGj795E268_N45e07IV2M
VI-12-English-B,https://drive.google.com/open?id=1KnywRduDqnQHeLmRy7vrpbDp6uk4xMks
VI-8-English-B,https://drive.google.com/open?id=1rQCM_wL8YCkIBhFm3VAYwwaRbd7vleOS
VI-10-English-B,https://drive.google.com/open?id=1NDsseferJVSP5YXyxpwno3a0UhJHkuCb
VI-14-English-B,https://drive.google.com/open?id=1MSp_Pku1C_9dkq3NRrMxGafQ0pv5sVcw
VI-09-English-B,https://drive.google.com/open?id=1VYUAAwwGTqVPyMt8CXKN8LOF1fkMeECw
VI-3-English-B,https://drive.google.com/open?id=1_Wt_XeGFmZ32FPzOfWxMLJj3gRGTJzTW
VI-05-English-B,https://drive.google.com/open?id=1WubKfMK8CHZJ4Q7OKlwK2ryKcXPUd1Sb
VI-11-English-B,https://drive.google.com/open?id=1R0FnsS34_Lxmj5k57Gc5q1KF52wRA_Rn
VI-15-English-A,https://drive.google.com/open?id=1z5Z4J6h-97cB4xQGnFHWaax3nO4NddvR
VII-02-English,https://drive.google.com/open?id=1LN84D6frUGtH9t2pcY79Scr2wcHH9FJ8
VII-01-English,https://drive.google.com/open?id=1eGfsiSV6SfA7JHpverh0qvBcYxLhNCaS
VII-08-English,https://drive.google.com/open?id=1SA8_YLStaMMzd9HTF9NoQ4yZsgn_10G3
VII-09-English,https://drive.google.com/open?id=1FZg0g0XN0kQ5oHP7qNLSIUoH3nFZ9ILb
VII-11-English,https://drive.google.com/open?id=1ovYp9B1cOHsm9gbhaf4HD-7WjyG_fRvL
VII-05-English,https://drive.google.com/open?id=1HSPmJ8_XVviMnKHYoGnUW7oHPgMZ5ncj
VII-12-English,https://drive.google.com/open?id=1u3WYyXtXW75rY7faUy_i0_0NiVA8yOKa
VII-14-English,https://drive.google.com/open?id=1KX1O3MKcVloHcHXFDpoZvxSteNXO-2yC
VII-18-English,https://drive.google.com/open?id=129veSfQGcdk5KX8xtLxpCZKWdiQyMmUC
VII-4-English-B,https://drive.google.com/open?id=1TSecvBvAvTjdPbsHmzBTXwk5AfslrDjm
VII-16-English,https://drive.google.com/open?id=1NDBFo4BbNdL_PboaF9jKYAZAULgoGAJx
VII-10-English,https://drive.google.com/open?id=1E2i1Qnb9Qs5f4zG1DqQY2KN6KX7h5D51
VII-06-English,https://drive.google.com/open?id=1yf0BOu7SJ3fzjlI6YHh7_chobRlvQ7a0
VII-7-English-B,https://drive.google.com/open?id=16LsjOcTfr-TEIG6pyd2iKvskn7oxzh5C
VII-03-English,https://drive.google.com/open?id=1XVTnSY3cHRSaJlb_dtRFjugWB76w94z4
VII-15-English,https://drive.google.com/open?id=1KioUIkLJZK4OA9BbsXynJCBltO6ieY6h
VII-24-Assamese-A,https://drive.google.com/open?id=1376YygGT3cQ0f6GZ-2VdNGO0gVHwKwWa
VII-38-Assamese-A,https://drive.google.com/open?id=1clwz_JVsIFRYidQ-6-Vf_ZjN7TvucLkR
VII-37-Assamese-A,https://drive.google.com/open?id=1_qEehaysvKZkHI2cyF03Vb69hGFCXWIR
VII-31-Assamese-A,https://drive.google.com/open?id=1WZR_JirUPN-iXEKHB8Mn1R7NQ7zFIMjL
VII-07-Assamese-A,https://drive.google.com/open?id=1rb1E1Zh0IHQ2ZW9w1-xwJvd9nrLWqw_l
VII-19-Assamese-A,https://drive.google.com/open?id=18Kk7AxVbTgs_K8q1rimUFKQOb3-xBxnx
VII-32-Assamese-A,https://drive.google.com/open?id=1QfGUZyJBDqs5f8A038J2IaRx4M1CoHWe
VII-34-Assamese-A,https://drive.google.com/open?id=1FmK3ELNE-TLqF7eInISY8gslzK6CTfBT
VII-11-Assamese-A,https://drive.google.com/open?id=1rsSP8WqUgb2hDmrasvRp0Tv3CcUNndyr
VII-25-Assamese-A,https://drive.google.com/open?id=1ogHWo4FaTDBtpL504TjQP6RhaSMM7lK1
VII-33-Assamese-A,https://drive.google.com/open?id=1wLsXBRlX40eVZb5ba-4aaBqY4G5bmHY0
VII-14-Assamese-A,https://drive.google.com/open?id=1LPqouZCm5tFI7Ltrifg1G-ZbVAo83rYa
VII-17-Assamese-A,https://drive.google.com/open?id=1a6BXyOfN-MA3YTlRPeF3zS1qYu1PFfbK
VII-36-Assamese,https://drive.google.com/open?id=116g-ftmRTEVKEvRVZVpYowtT5rhv9bEK
VII-35-Assamese-A,https://drive.google.com/open?id=1S_yLfdHwYkEMQKZh4PUbX4SIhyedH08O
VIII-37-English,https://drive.google.com/open?id=1dcKqCgX5dn-YUk26Jv267G5rTY5yBpRd
VIII-02-English-A,https://drive.google.com/open?id=1Sz4R8nS8BBaYkUGkOji-MCE2pfAdPw0f
VIII-11-English-A,https://drive.google.com/open?id=1C248_8wYV5C_jMZ26ck_ftSRY8zShuB4
VIII-25-English,https://drive.google.com/open?id=1xdGMXllozMZGOE1yp1GqfrgImUXPeyhw
VIII-8-English-A,https://drive.google.com/open?id=1e8WmhDmQ13U6Plud2IKmIdIAnnYsQ-Bj
VIII-13-English-A,https://drive.google.com/open?id=1s_um9StumIFU4KMSbYNk8naZPJnJ6X0K
VIII-09-English-A,https://drive.google.com/open?id=1mmwboq-KYXtZi3v4ijYBEjcTaBWZ4214
VIII-18-English,https://drive.google.com/open?id=1zIMT_QZO3vA_1filGtDLNMrM5CcNsd1s
VIII-29-English,https://drive.google.com/open?id=1MuY_FCCF5RMIo8F788I8vC40pXl8SdPr
VIII-2-English,https://drive.google.com/open?id=1r-A3vghCcOnUkUxqOrHlgeyqvJpTl2DR
VIII-7-English,https://drive.google.com/open?id=12zODipSarc1izTwDInOYnYP7WY4I3nY4
VIII-08-English-A,https://drive.google.com/open?id=1L4imQ8UsLbAiSumwFqiivMIo_iWzWkqY
VIII-10-Assamese-A,https://drive.google.com/open?id=1n2mXXHmdHHptOkq-oS-cL8sHDK0zB0B_
VIII-11-Assamese,https://drive.google.com/open?id=1qG7_nXnc_Bp4gwP2w0uehS65-lCBPKfu
VIII-23-Assamese-A,https://drive.google.com/open?id=1w7c8GlQ_T969VKxYpf0LdIET5ZYi6_f2
VIII-19-Assamese-A,https://drive.google.com/open?id=1NSmjhk_vc2i6I48VfcyrdgrJIzWejK0G
VIII-28-Assamese-A,https://drive.google.com/open?id=1dDueZjFh4lwKCt3nT5NJG-y3JHYy8bZh
VIII-26-Assamese-B,https://drive.google.com/open?id=1gz1bpNyo1bmUIq4nmRcd0QrzTZCvr3H-
VIII-14-Assamese-A,https://drive.google.com/open?id=1RbkDzFaRK1ApA1Qv2M8bsbxOxP6XRt93
VIII-30-Assamese-B,https://drive.google.com/open?id=17yyqwU2QOOtGMMXTFLVQcnPAtrcKcUWZ
VIII-05-Assamese-A,https://drive.google.com/open?id=1RbRKXTT_x67zcIN9WdYyI6EMO9bLl-3U
VIII-4-Assamese,https://drive.google.com/open?id=1rJixBjn08weWc3cX8LSfzF2dyMa4HuPv
VIII-06-Assamese-A,https://drive.google.com/open?id=1SsjrvoD-dYx2MVdxb7u26eTVdIuqzTPD
VIII-11-Assamese,https://drive.google.com/open?id=1cBa5xDQXui1qHtSKtz7ZNOhkLJPBhoqY
VIII-17-Assamese-A,https://drive.google.com/open?id=1EX6_2cQCJmUx3ya-GjTal358GomEkvW2
VIII-16-Assamese,https://drive.google.com/open?id=1_l18zC4aY9sproiLPZrfS0n9NB_RhP6L
VIII-29-Assamese-B,https://drive.google.com/open?id=1LBjcF6wxZleshXuYuGWiRoxY600--xc-
VIII-15-Assamese-A,https://drive.google.com/open?id=1NoQNeTXuH3D3nu56y5EGwGzU7jgu7pgz
VIII-27-Assamese,https://drive.google.com/open?id=1gWgdqE3T-h-syYvmX00xXHc7u23o3OY-
VIII-24-Assamese-B,https://drive.google.com/open?id=1S-j3X1ZPxbdsS_XjnfZyNnjDlDcVavqA
X-03-Assamese-A,https://drive.google.com/open?id=1991RNu3XvJBZLp3XyrkaS0qkKuGNCC7b
X-22-Assamese-A,https://drive.google.com/open?id=1JuNSMlqqHT-VN1uA7JyLgyxi3e_AX7hK
X-8-Assamese-A,https://drive.google.com/open?id=1ZO5RmiqdsjKx8XCyUQKgEpMvL-PQAyPH
X-14-Assamese-A,https://drive.google.com/open?id=13PHel9pGH0ZTbfi-JMWZpR_nVhUi96vP
X-18-Assamese-A,https://drive.google.com/open?id=1sZjaMz2zRu9xuatlap-3J5RLHxmdg59I
X-4-Assamese-A,https://drive.google.com/open?id=1Eq42WPwlG_E6CuoRryjPcOamW76pURLi
X-21-Assamese-A,https://drive.google.com/open?id=1DwUoQcKko16vHStguljJfheE00bKneH8
X-47-Assamese-B,https://drive.google.com/open?id=1oWIUfAytuPIHqBAdEYKjasDHthJTGA76
X-15-Assamese-A,https://drive.google.com/open?id=1VqmRL6rg2io7s497jJLcL-5wc71c1aMZ
X-29-Assamese-A,https://drive.google.com/open?id=1-nTZzD4nL3N1oBJLIpglhV7-dG0pOjW7
X-17-Assamese-A,https://drive.google.com/open?id=1BPIS2Zylo1NgRXRyujAKYX0ef1kTG2zJ
X-6-Assamese-A,https://drive.google.com/open?id=1bAw5fHBI-LsFhdspYifIZJzRqDd_qCDM
X-11-English-A,https://drive.google.com/open?id=10ctCrJ-hAo-YTBQycntmQjJLFYBA7J5W
X-12-English-A,https://drive.google.com/open?id=189mSNoBY3Dq1PN90bSPPcS7KST5knsQi
X-7-English-A,https://drive.google.com/open?id=1HSRQzf_cZcEYAhGvtjS_oJhTEC_pLc5H
X-19-English-B,https://drive.google.com/open?id=1WvXZ5WqrZHpvnbpRvqoG4XUVCR2VhzuL
X-32-English-B,https://drive.google.com/open?id=1JPCIICsmhDufLr5BKNZa5oFyth7uwK1D
XI-11-Assamese-B,https://drive.google.com/open?id=1mcVOUkIC9glr7zFw-NWZ4EvoAjot4Cvy
XI-54-Assamese-B,https://drive.google.com/open?id=1DFfFuEValir1778DkS1Fyi4KKVXC-ZbP
XI-51-Assamese-B,https://drive.google.com/open?id=1Qov0li93bw7xC8NB-81BYHySepad2pV8
XI-10-Assamese-B,https://drive.google.com/open?id=15e5holTZpdrI3SsUU-1YTvK-f4YUBSNk
XI-46-Assamese-B,https://drive.google.com/open?id=1s6TriEJbdYpEcXhBlwtTU4JfpVOinvnF
XI-81-Assamese-B,https://drive.google.com/open?id=1J_9I0rmhgyaglCBkW1dwJQbG5g0iccAV
XI-57-Assamese-B,https://drive.google.com/open?id=1GomCrOLuC-ovvHTb0V-tGbZu5b1Ov3rj
XI-71-Assamese-B,https://drive.google.com/open?id=1WbSmrtj_jeb-W1jYh7siQjjZHQeRKdvn
XI-26-Assamese-B,https://drive.google.com/open?id=1HM1uS3TtJJ6yfu4LQVG4x2T-q5F9khAK
XI-17-Assamese-B,https://drive.google.com/open?id=14TRRjfpeTgURBU3sM-EfyGfbH3Bfck_d
XI-52-Assamese-B,https://drive.google.com/open?id=14p8Fxte0g7w-Tf70N6aSAAQmOAJnc8m5
XI-13-Assamese-B,https://drive.google.com/open?id=1xfJnx3N_J4FLkrkv3cQD7FA-7nzEM17Q
XI-59-Assamese-B,https://drive.google.com/open?id=1MzhrnF-53Kse_NrIysMH-jzGkMBdHIqP
XI-73-Assamese-B,https://drive.google.com/open?id=17vnip7XaOyxsDnBa-CiXHb6Y3rcdZ1pL
XI-79-Assamese-B,https://drive.google.com/open?id=1Al3oupEHEb6UZqxFlZeKIKwAQx-uyo_C
XI-20-Assamese-B,https://drive.google.com/open?id=1bNCeFHcGOD2g5FN44hs5RIV_oDjNU2DO
XI-21-Assamese-B,https://drive.google.com/open?id=1C6gyIiz8pNB2tjlJGQriUG22kbpWk5Zp
XI-31-Assamese-B,https://drive.google.com/open?id=1rqU2ySCZ_PG8Yrss-F2OfzxALzFA8z-I
XI-61-Assamese-B,https://drive.google.com/open?id=1iEJNp29jKpklCkoH3NZWS1GbtGmu-jgm
XI-25-Assamese-B,https://drive.google.com/open?id=1RvL69hMe00X-Ktod_jkBU87dwa9nxSVS
XI-76-Assamese-B,https://drive.google.com/open?id=1AVf-Fh6GF73ECIaN3PnujwVrPB7ki2DQ
XI-60-Assamese-B,https://drive.google.com/open?id=1JixnH3XtNZasvrcwA6sTzMuPOrAAgQL0
XI-24-Assamese-B,https://drive.google.com/open?id=1z4U532J8gmnln_mRTp85xt2hAfLHrLhz
XI-55-Assamese-B,https://drive.google.com/open?id=1AG6ftCg1XoesZ5r0wS9xx817kKqspcCe
XI-74-Assamese-B,https://drive.google.com/open?id=1BADMcBl4J0LjvACzs3KXACbxf7SVh8cN
XI-48-Assamese-B,https://drive.google.com/open?id=10z8Do54UXNgo4W0CMC8SvtY1mGzG-OYp
XI-32-Assamese-B,https://drive.google.com/open?id=1XhcMch9Wec8D16sdEJsZmLNNwBHS3Tf6
XI-75-Assamese-B,https://drive.google.com/open?id=1p9i_0fz_WXYH_icDcXxBEyg4z2NXCOY4
XI-23-Assamese-B,https://drive.google.com/open?id=1_dJqvTy2NARij4VO8G-QRxyDlkMZ4XUi
XI-49-Assamese-B,https://drive.google.com/open?id=12RuJkEu7az_gCvoCKPF4x8Zn8ml6Pqzt
XI-11-English-A,https://drive.google.com/open?id=1S6K1LlHxT-HibDha9cAIwNJg1ffZLSgc
XI-05-English-A,https://drive.google.com/open?id=1WD3NpA3EWb5d0zV9kcPWjnN9066anTVb
XI-18-English-A,https://drive.google.com/open?id=1azROg6TnfmG2OmQM_P1IXyPvO8vRTzJG
XI-12-English-A,https://drive.google.com/open?id=1Y4lstON09qq4g9unzFeOj2zN9DkxkX7V
XI-23-English-A,https://drive.google.com/open?id=1rplhBkpHAy_-TogtRDn7j0ULfgU8YQHX
XI-03-English,https://drive.google.com/open?id=1zuCjMOK9AlkRKZ5xE3p6_bwj7D1k2gEg
XI-13-English-A,https://drive.google.com/open?id=1M1QV6BnmP6MfjUVV1tJk3So4tAp7MNC3
XI-09-English-A,https://drive.google.com/open?id=1CWB1qAtLhznLq2TWIDMdO-xJb9bHKFeT
XI-21-English-A,https://drive.google.com/open?id=1DAlX6oj_RSNb1bx-mNnNuzWkE40tGN8c
XI-01-English,https://drive.google.com/open?id=1NYnpyKrvh3CKPa9zC76FwfwH1fPCh2xR
XI-02-English-A,https://drive.google.com/open?id=1tr_9MuZ4exYOy8WECRj4DsMyrIB_y0ue
XI-04-English-A,https://drive.google.com/open?id=1ninipWnprsRaXPNINDFXuhMQUK6Crcy2
XI-17-Assamese-A,https://drive.google.com/open?id=1AkxQEkvjj-Dj4Fxd0yaVlfRkHawXbRCo
XI-26-Assamese-A,https://drive.google.com/open?id=1bXphB7t11lIZRqTOkLEC5M_De2X2Dihn
XI-9-Assamese-B,https://drive.google.com/open?id=14RpgtqRXRZXud7lUoVZB46Dq90ukAFHF
XI-02-Assamese-B,https://drive.google.com/open?id=1s72HfEemfolt_RXW1GCa8xKov3mOC6LG
XI-32-Assamese-B,https://drive.google.com/open?id=1unmt-2cDo5b_DEI2TeQxcDpzVwlACc0A
XI-07-Assamese-B,https://drive.google.com/open?id=1nZkWGDji1df4thg_T484lcZIon6IeR78
XI-05-Assamese-B,https://drive.google.com/open?id=1otMW-XQoQQSyF5gwRpndKWqiJ8QFdqYz
XI-23-Assamese-B,https://drive.google.com/open?id=11yMCEbj4CwL8LcCDXf6WSXzToHuKQBRR
XI-22-Assamese-B,https://drive.google.com/open?id=1RBz80HyL2Zi51tK8LrXnRVdeMF5sbKNY
XI-04-Assamese-B,https://drive.google.com/open?id=1vZ-3O1k1XXDo31NFwLHSXwCh51lFAahp
XI-03-Assamese-B,https://drive.google.com/open?id=1UoHkGZivHN0WsdqvgrCemneAJ68-P4C8
