REG/BSS/001,https://drive.google.com/open?id=1xkDibqhCsGmB2JK0TYY3-KjdDX-fKfUS
REG/BSS/002,https://drive.google.com/open?id=17j_1m7OCvmF5xqa7aGkk3h5v0Rz4c1yP
REG/BSS/003,https://drive.google.com/open?id=11rckRdemDRlyb-0Az1ZN_mzuIjVOk_9A
REG/BSS/004,https://drive.google.com/open?id=1dN9vvIsPWA27Vlu2SnD9ZMBnuapFzrgP
REG/BSS/005,https://drive.google.com/open?id=102vl8Hy1TG2GJa5FvD-cGucrXpIaL7Fx
REG/BSS/006,https://drive.google.com/open?id=1WxUrEbhcCAV-ZNFB5iYf5ek89PP79F6W
REG/BSS/007,https://drive.google.com/open?id=1PPjF_Y0oc6-IGoF6f3htYV6ecfbVNBFs
REG/BSS/008,https://drive.google.com/open?id=1SF3YDXRADM_8gApF8SjsbZorFu0QIMjr
REG/BSS/009,https://drive.google.com/open?id=1r-t8MaIC7617RTPSQ2Ct6vbp7mttBgfp
REG/BSS/010,https://drive.google.com/open?id=1zbvimNjsLo1E9X8VF9fjUQWDld5e-KM9
REG/BSS/011,https://drive.google.com/open?id=1jnGsfD3HcTzon7sLvjEYcL_BV-MXkVWU
REG/BSS/012,https://drive.google.com/open?id=1uxf-EsR5qsbIqrA1gxyvKFQVtxV4G4lg
REG/BSS/013,https://drive.google.com/open?id=1ByTBtB0dfHNS3wQFxhQauIRsGfr4oZXQ
REG/BSS/014,https://drive.google.com/open?id=1--vcBVj_MNLKy13SLjUmwbQH71xnQMKG
REG/BSS/015,https://drive.google.com/open?id=1w0yP7OovKAaciAOY2TZEfnmrlihz_IQy
REG/BSS/016,https://drive.google.com/open?id=1ODekEH76bJqvP0l9bpVW6oljfflkmQft
REG/BSS/017,https://drive.google.com/open?id=1MMZxiDtkMG7G_ydONQL01AB6NY2JkCDK
REG/BSS/018,https://drive.google.com/open?id=1ACDY9w-DF9cVTlso8-FkLT2cb40sb88V
REG/BSS/019,https://drive.google.com/open?id=1lYCqkyNaL-ZhVMRPqObCXzjMAtnqm0ot
REG/BSS/020,https://drive.google.com/open?id=1NGt3G9xWh1pzwu19MiOFOneiqYcW1YPc
REG/BSS/021,https://drive.google.com/open?id=1TPUB0H32HNwfTrWC0pHpx_GjhD48aryc
REG/BSS/022,https://drive.google.com/open?id=1GIGjo8sbaEff3HBkLBs9u59L2Q6J2ZrR
REG/BSS/023,https://drive.google.com/open?id=1PED5AOpXS2IgVnPM0XgeG1qJIbSOsMmy
REG/BSS/025,https://drive.google.com/open?id=1-ZjQ5xRQFpVfyAhuEmObn3iPRu0Uqfzb
REG/BSS/026,https://drive.google.com/open?id=1qtNLXJLlEgAq5G0DMNZAnHE3DtsUhjPT
REG/BSS/027,https://drive.google.com/open?id=1AKC3OvByxMjeXiu3ES8Oag1L2imZDax1
REG/BSS/028,https://drive.google.com/open?id=1zJQrOziws6jF29nbeYwicRNY6Mqzjx3s
REG/BSS/029,https://drive.google.com/open?id=12MHrwnKs2haGOLuBe_n8HITJEPKGs1wt
REG/BSS/030,https://drive.google.com/open?id=1vfvwxAn7lIu8xykKmk_kwxgBk637uoZC
REG/BSS/031,https://drive.google.com/open?id=1e5_A-0ggbXop8tYcF_5j3vPif-zd-oXl
REG/BSS/032,https://drive.google.com/open?id=18ehBWHpIEffjAPgeoUDf9a3p99JojYde
REG/BSS/033,https://drive.google.com/open?id=18e9q3ev9mHtbIEEPcrpc-bAnJMBN6drr
REG/BSS/034,https://drive.google.com/open?id=1mi05feeKOzxq9TPZw5W3O0uYhAsQaQ2J
REG/BSS/035,https://drive.google.com/open?id=1sm6bph8vw4v6b2KOO04ODNWy7eU-9InC
REG/BSS/037,https://drive.google.com/open?id=199_6KNBZUtejk1op_4FLFEqtYohTyh-4
REG/BSS/038,https://drive.google.com/open?id=17r1vKwJeCJP_1u0-lKVcwR3C59sx6xW3
REG/BSS/039,https://drive.google.com/open?id=1W-AHAHVjHP6BdjBH3s79a8eQNnKC2GC4
REG/BSS/040,https://drive.google.com/open?id=136AWU6gmTdD7C6Ft-oOk0zmgBZQ2OQS6
REG/BSS/041,https://drive.google.com/open?id=1wnS35CDNy4yL8ewDNQ-dqcadK9BLH6wp
REG/BSS/042,https://drive.google.com/open?id=1Rcmv83MvWhfmwhdj7e7qzN9RwNtRS-9w
REG/BSS/043,https://drive.google.com/open?id=10F-wOLhRf33WM-fgikbu0_11oFhfCgGH
REG/BSS/044,https://drive.google.com/open?id=1bWqf5s3gzlA0yY0eKX9ARbMUMjkIhG7a
REG/BSS/045,https://drive.google.com/open?id=1Fpv2M2eYa7cMB4uhrpcIhpOVBMxin2VN
REG/BSS/046,https://drive.google.com/open?id=1IGY0j6gj_ucWPwer_xexab2V82vBh4sq
REG/BSS/047,https://drive.google.com/open?id=1nSUm090lQ0UptOeJEiCtGd_2jTxFHc6d
REG/BSS/048,https://drive.google.com/open?id=1_gN_o_TwglGR61g1jGujBV1zGYhGjCTV
REG/BSS/049,https://drive.google.com/open?id=1BefRjogq3Oh4Om_lAXvG7C-SWr_3ZkXd
REG/BSS/050,https://drive.google.com/open?id=1HQjU8Fxu4Q6BwXk8v9WGu6jOoY4DstQM
REG/BSS/051,https://drive.google.com/open?id=1J2SbuJ07PDe9TcVpKUsE1hM3cGzVYUCD
REG/BSS/052,https://drive.google.com/open?id=13SNXo0T6_4yqNGDueVlupnycSGAgWs7b
REG/BSS/053,https://drive.google.com/open?id=1jvzI9zgwsa_4cvH6AtmAsxg--V56yYa7
REG/BSS/054,https://drive.google.com/open?id=1bEq8hbv9ebnTpj9gaOzQw7TiWQ-i4101
REG/BSS/055,https://drive.google.com/open?id=1otXEXAc6DrPvd4yr58trCcZcVVjdFpYj
REG/BSS/056,https://drive.google.com/open?id=1imc6trNz8DASZKNKnAdIiEIUihzZVOBG
REG/BSS/057,https://drive.google.com/open?id=1Iv3vxAPs_aCbNDufFVEAore7_Wu4nmnM
REG/BSS/058,https://drive.google.com/open?id=1Eje7FMdzBtxHZ-vXUcyOU3LXbf3tupK2